Years,GDP,Agriculture,Arable Land,Birth Rate,Death Rate,Individuals using Internet,Industry,Literacy,Mobile Subscriptions,Mortality Rate,Cropland,Population Density,Population,Services,Surface Area
2011,17804292964.1045,23.7436639877543,11.9336458046135,38.75,7.936,5.0,22.7402524820273,31.4488506317139,45.81362616,61.7,0.182274913457709,46.1315029255889,30117413.0,49.6968203962567,652860.0
